file,title,type,project,organisms,methods,tools,old_tags,old_categories,protocols
2017-10-16-Lab-Notebook-Generation.md,Lab Notebook Generation,Analysis,,,HPC & computing,,"[computing, Lab Notebook]",Protocols,
2017-11-09-November-Goals.md,November Goals,Planning,,,,,[Goals],Goals,
2018-02-13-February-Goals.md,February Goals,Planning,,,,,[Goals],Goals,
2018-08-14-Symbiodinium-Density-Analysis-Protocol.md,Symbiodinium Density Analysis Protocol,Lab work,,Symbiodiniaceae,Physiology assays,,Symbiodinium,Protocols,symbiont-density-hemocytometer
2018-10-05-Total-Protein-Extraction-Protocol.md,Total Protein Extraction Protocol,Lab work,,,Physiology assays,,Protein,Protocols,total-protein-bca
2019-02-13-Zymo-DNA-RNA-Extraction-Protocol.md,Zymo DNA RNA Extraction Protocol,Lab work,,,DNA/RNA extraction,,,,dna-rna-coextraction-zymo
2019-03-03-Zymo-Quick-DNA-Mini-Prep-Kit-Troubleshooting-on-Adult-P.-astreoides.md,Zymo Quick-DNA Mini Prep Kit Troubleshooting on Adult P. astreoides,Troubleshooting,,Porites astreoides,DNA/RNA extraction,,,"Protocols, Processing",
2019-03-13-Zymo-DNA-RNA-Extract-P.astreoides-Genome.md,Zymo-DNA-RNA-Extract-P.astreoides-Genome,Lab work,Porites astreoides Genome,Porites astreoides,DNA/RNA extraction,,P.asteroides,"Processing, Protocols",dna-rna-coextraction-zymo
2019-03-14-Citrate-Synthase-Troubleshooting.md,Citrate Synthase Troubleshooting,Troubleshooting,,,Physiology assays,,citrate synthase,"Protocols, Processing",total-protein-bca; citrate-synthase-activity
2019-04-18-Astrangia-Nutrition-DNA-Extractions.md,Astrangia Nutrition DNA Extractions,Lab work,Astrangia Nutrition,Astrangia poculata,DNA/RNA extraction,,DNA Astrangia,Processing,
2019-05-14-Adult-coral-Homogenate-prep-and-symbiont-separation.md,Adult coral Homogenate prep and symbiont separation,Lab work,,Symbiodiniaceae,Tissue & cell prep,,"coral, separation, symbiodinium","Processing, Protocols",coral-tissue-removal-homogenization
2019-05-15-Citrate-Synthase-for-A.-poculata-nutrition-experiment.md,Citrate Synthase for A. poculata nutrition experiment,Lab work,Astrangia Nutrition,Astrangia poculata,Physiology assays,,Astrangia nutrition citrate synthase,Processing,coral-tissue-removal-homogenization; total-protein-bca; citrate-synthase-activity
2019-05-15-SAM-ELISA-Kit-for-A.-poculata-nutrition-experiment.md,SAM ELISA Kit for A. poculata nutrition experiment,Lab work,Astrangia Nutrition,Astrangia poculata,Physiology assays,,SAM Astrangia,"Protocols, Processing",sam-elisa
2019-10-04-Airbrushing-and-Homogenizing-Porites-June-(Patch)-Adult-Tissues.md,Airbrushing and Homogenizing Porites June Patch Adult Tissues,Lab work,Porites Nutrition,Porites astreoides,Tissue & cell prep,,"Airbrushing, Porites astreoides, Porites Nutrition June","Processing, Protocols",coral-tissue-removal-homogenization
2019-11-26-Total-Antioxidant-Capacity-Porites-June-(Patch)-Adult-tissues.md,Total Antioxidant Capacity Porites June Patch Adult tissues,Lab work,Porites Nutrition,Porites astreoides,Physiology assays,,Porites Nutrition June TAC,"Processing, Protocols",coral-tissue-removal-homogenization; total-protein-bca; total-antioxidant-capacity
2019-12-04-DNA-RNA-Extractions-Thermal-Transplant-Porites-Trial-1.md,DNA RNA Extractions Thermal Transplant Porites Trial 1,Lab work,Porites Thermal Transplant,Porites astreoides,DNA/RNA extraction,,"Porites, DNA RNA Extractions, Thermal Transplant","Processing, Protocols",dna-rna-coextraction-zymo
2019-12-04-DNA-RNA-Extractions-Thermal-Transplant-Porites-Trial-2.md,DNA RNA Extractions Thermal Transplant Porites Trial 2,Lab work,Porites Thermal Transplant,Porites astreoides,DNA/RNA extraction,,"Thermal Transplant, DNA RNA Extractions, Porites","Processing, Protocols",dna-rna-coextraction-zymo
2019-12-04-DNA-RNA-Extractions-Thermal-Transplant-Porites-Trial-20.md,DNA RNA Extractions Thermal Transplant Porites Trial 2,Lab work,Porites Thermal Transplant,Porites astreoides,DNA/RNA extraction,,"Thermal Transplant, DNA RNA Extractions, Porites","Processing, Protocols",dna-rna-coextraction-zymo
2019-12-05-DNA-RNA-Extractions-Thermal-Transplant-Porites-LARVAE-Trial-1.md,DNA RNA Extractions Thermal Transplant Porites LARVAE Trial 1,Lab work,Porites Thermal Transplant,Porites astreoides,DNA/RNA extraction,,"Porites, Thermal Transplant, DNA RNA Extractions, Larvae","Proessing, Protocols",dna-rna-coextraction-zymo
2019-12-05-DNA-RNA-Extractions-Thermal-Transplant-Porites-Trial-3.md,DNA RNA Extractions Thermal Transplant Porites Trial 3,Lab work,Porites Thermal Transplant,Porites astreoides,DNA/RNA extraction,,"Porites, Thermal Transplant, DNA RNA Extractions","Processing, Protocols",dna-rna-coextraction-zymo
2020-01-13-DNA-RNA-Extractions-Thermal-Transplant-ADULT-AND-LARVAE-Trial-4.md,DNA RNA Extractions Thermal Transplant ADULT AND LARVAE Trial 4,Lab work,Porites Thermal Transplant,Porites astreoides,DNA/RNA extraction,,"DNA RNA Extractions, Porites astreoides, Thermal Transplant","Processing, Protocols",dna-rna-coextraction-zymo
2020-02-03-Metabolomics-P-astreoides-sample-prep.md,Metabolomics P astreoides sample prep,Lab work,,Porites astreoides,Metabolomics,,Porites astreoides metabolomics,Protocols,metabolite-extraction
2020-07-30-DNA-RNA-Extractions-Thermal-Transplant-Porites-and-Geoduck.md,DNA-RNA-Extractions-Thermal-Transplant-Porites-and-Geoduck,Lab work,Porites Thermal Transplant,Porites astreoides; Geoduck,DNA/RNA extraction,,"Porites, Thermal Transplant, Geoduck","Processing, Protocols",dna-rna-coextraction-zymo
2020-07-31-DNA-RNA-Extraxtion-Thermal-Transplant-Porites-Homogenates.md,DNA-RNA-Extraxtion-Thermal-Transplant-Porites-Homogenates,Lab work,Porites Thermal Transplant,Porites astreoides,DNA/RNA extraction; Tissue & cell prep,,"Porites, Thermal Transplant, DNA RNA extraction","Processing, Protocols",dna-rna-coextraction-zymo
"2020-08-05-DNA-RNA-Extractions-Porites-astreoides-homogenates,-larvae,-and-adult-fragments.md","DNA-RNA Extractions Porites astreoides homogenates, larvae, and adult fragments",Lab work,Porites Thermal Transplant,Porites astreoides,DNA/RNA extraction; Tissue & cell prep,,"Porites, thermal transplant","Processing, Protocols",dna-rna-coextraction-zymo
2020-08-06-DNA-Extractions-for-adult-homogenates-of-Porites-Thermal-Transplant.md,DNA Extractions for adult homogenates of Porites Thermal Transplant,Lab work,Porites Thermal Transplant,Porites astreoides,DNA/RNA extraction; Tissue & cell prep,,"DNA, Porites astreoides, Thermal Transplant","Processing, Protocols",
2020-08-06-DNA-RNA-extractions-Porites-Thermal-Transplant-Larvae-BATCH-#1.md,DNA-RNA extractions Porites Thermal Transplant Larvae BATCH 1,Lab work,Porites Thermal Transplant,Porites astreoides,DNA/RNA extraction,,"Porites astreoides, RNA, DNA, Thermal Transplant","Processing, Protocols",dna-rna-coextraction-zymo
2020-08-07-DNA-Extractions-for-adult-homogenates-of-Porites-Thermal-Transplant-Batch-2.md,DNA Extractions for adult homogenates of Porites Thermal Transplant Batch 2,Lab work,Porites Thermal Transplant,Porites astreoides,DNA/RNA extraction; Tissue & cell prep,,"DNA, Porites astreoides, Thermal Transplant",Processing,
2020-08-12-DNA-Extractions-for-adult-homogenates-of-Porites-Thermal-Transplant-Batch-3.md,DNA Extractions for adult homogenates of Porites Thermal Transplant Batch 3,Lab work,Porites Thermal Transplant,Porites astreoides,DNA/RNA extraction; Tissue & cell prep,,"Porites astreoides, Thermal Transplant, DNA",Processing,
2020-08-12-DNA-RNA-Extractions-on-P.-astreoides-larvae---BEAD-BEATING.md,DNA RNA Extractions on P. astreoides larvae - BEAD BEATING,Lab work,Porites Thermal Transplant,Porites astreoides,DNA/RNA extraction,,"Porites astreoides, Thermal transplant, DNA, RNA",Protocols,dna-rna-coextraction-zymo
2020-08-13-DNA-Extractions-for-adult-homogenates-of-Porites-Thermal-Transplant-Batch-4.md,DNA Extractions for adult homogenates of Porites Thermal Transplant Batch 4,Lab work,Porites Thermal Transplant,Porites astreoides,DNA/RNA extraction; Tissue & cell prep,,"Porites astreoides, DNA, Thermal Transplant",Processing,
2020-08-13-DNA-RNA-Extractions-on-P.-astreoides-larvae---BEAD-BEATING-Batch-2.md,DNA RNA Extractions on P. astreoides larvae - BEAD BEATING Batch 2,Lab work,Porites Thermal Transplant,Porites astreoides,DNA/RNA extraction,,"DNA, RNA, Porites astreoides, Thermal Transplant",Processing,dna-rna-coextraction-zymo
2020-08-16-DNA-Extractions-for-adult-homogenates-of-Porites-Thermal-Transplant-Batch-5.md,DNA Extractions for adult homogenates of Porites Thermal Transplant Batch 5,Lab work,Porites Thermal Transplant,Porites astreoides,DNA/RNA extraction; Tissue & cell prep,,"Porites astreoides, DNA, Thermal Transplant",Processing,
2020-08-16-DNA-RNA-Extractions-on-P.-astreoides-larvae---BEAD-BEATING-Batch-3.md,DNA RNA Extractions on P. astreoides larvae - BEAD BEATING Batch 3,Lab work,Porites Thermal Transplant,Porites astreoides,DNA/RNA extraction,,"Porites astreoides, larvae, Thermal Transplant, DNA, RNA",Processing,dna-rna-coextraction-zymo
2020-08-19-DNA-Extractions-for-adult-homogenates-of-Porites-Thermal-Transplant-Batch-6.md,DNA Extractions for adult homogenates of Porites Thermal Transplant Batch 6,Lab work,Porites Thermal Transplant,Porites astreoides,DNA/RNA extraction; Tissue & cell prep,,"Porites astreoides, DNA, Thermal Transplant",Processing,
2020-08-19-DNA-RNA-Extractions-on-P.-astreoides-larvae---BEAD-BEATING-Batch-4.md,DNA RNA Extractions on P. astreoides larvae - BEAD BEATING Batch 4,Lab work,Porites Thermal Transplant,Porites astreoides,DNA/RNA extraction,,"Porites astreoides, DNA, RNA, Thermal Transplant",Processing,dna-rna-coextraction-zymo
2020-08-20-DNA-RNA-Extractions-on-P.-astreoides-larvae---BEAD-BEATING-Batch-5.md,DNA RNA Extractions on P. astreoides larvae - BEAD BEATING Batch 5,Lab work,Porites Thermal Transplant,Porites astreoides,DNA/RNA extraction,,"Porites astreoides, Thermal Transplant, larvae, RNA, DNA",Processing,dna-rna-coextraction-zymo
2020-08-27-DNA-Extractions-for-adult-homogenates-of-Porites-Thermal-Transplant-Batch-7.md,DNA Extractions for adult homogenates of Porites Thermal Transplant Batch 7,Lab work,Porites Thermal Transplant,Porites astreoides,DNA/RNA extraction; Tissue & cell prep,,"Porites astreoides, DNA, Thermal Transplant",Processing,
2020-10-07-20201006-Adult-P.astreoides-Metabolomic-Extractions.md,20201006 Adult P.astreoides Metabolomic Extractions,Lab work,Porites July Bleaching,Porites astreoides,Metabolomics,,"Metabolomics, Porites astreoides, Porites Bleaching",Processing,metabolite-extraction
2020-10-09-20201008-Adult-P.astreoides-Metabolomic-Extractions.md,20201008 Adult P.astreoides Metabolomic Extractions,Lab work,Porites July Bleaching,Porites astreoides,Metabolomics,,"Metabolomics, Porites astreoides, Porites Bleaching",Processing,metabolite-extraction
2020-10-12-20201009-Adult-P.astreoides-Metabolomic-Extractions.md,20201009 Adult P.astreoides Metabolomic Extractions,Lab work,Porites July Bleaching,Porites astreoides,Metabolomics,,"Metabolomics, Porites astreoides, Porites Bleaching",Processing,metabolite-extraction
2020-10-14-20201013-Adult-P.astreoides-Metabolomic-Extractions.md,20201013 Adult P.astreoides Metabolomic Extractions,Lab work,Porites July Bleaching,Porites astreoides,Metabolomics,,"Metabolomics, Porites astreoides, Porites Bleaching",Processing,metabolite-extraction
2020-10-15-20201015-Adult-P.astreoides-Metabolomic-Extractions.md,20201015 Adult P.astreoides Metabolomic Extractions,Lab work,Porites July Bleaching,Porites astreoides,Metabolomics,,"Metabolomics, Porites astreoides, Porites Bleaching",Processing,metabolite-extraction
2020-10-20-20201020-Adult-P.astreoides-and-AH-test-sample-Metabolomic-Extractions.md,20201020 Adult P.astreoides and AH test sample Metabolomic Extractions,Lab work,Porites July Bleaching,Porites astreoides,Metabolomics,,"Metabolomics, Porites astreoides, Porites Bleaching, Larvae, Juveniles",Processing,metabolite-extraction
2020-10-23-20201022-DNA-RNA-Extractions-Porites-July-Bleaching-Experiment.md,20201022 DNA RNA Extractions Porites July Bleaching Experiment,Lab work,Porites July Bleaching,Porites astreoides,DNA/RNA extraction,,"DNA, RNA, Porites astreoides, Porites July Bleaching","Protocols, Processing",dna-rna-coextraction-zymo
2020-10-26-20201025-DNA-RNA-Extractions-Porites-July-Bleaching-Experiment.md,20201025 DNA RNA Extractions Porites July Bleaching Experiment,Lab work,Porites July Bleaching,Porites astreoides,DNA/RNA extraction,,"DNA, RNA, Porites astreoides, Porites July Bleaching",Protocols,dna-rna-coextraction-zymo
2020-10-27-20201027-DNA-RNA-Extractions-Porites-July-Bleaching-Experiment.md,20201027 DNA RNA Extractions Porites July Bleaching Experiment,Lab work,Porites July Bleaching,Porites astreoides,DNA/RNA extraction,,"DNA, RNA, Porites astreoides, Porites July Bleaching","Protocols, Processing",dna-rna-coextraction-zymo
2020-10-29-20201029-DNA-RNA-Extractions-Porites-July-Bleaching-Experiment-and-WBGBS-samples.md,20201029 DNA RNA Extractions Porites July Bleaching Experiment and WGBS samples,Lab work,Porites July Bleaching,Porites astreoides,DNA/RNA extraction; DNA methylation,,"DNA, RNA, Porites astreoides, Porites July Bleaching, WGBS",Processing,dna-rna-coextraction-zymo
2020-11-09-20201106-DNA-RNA-Extractions-Porites-July-Bleaching-Experiment-and-WGBS-samples.md,20201106 DNA RNA Extractions Porites July Bleaching Experiment and WGBS samples,Lab work,Porites July Bleaching,Porites astreoides,DNA/RNA extraction; DNA methylation,,"DNA, RNA, Porites astreoides, Porites July Bleaching, WGBS",Processing,dna-rna-coextraction-zymo
2020-11-12-20201110-DNA-RNA-Extractions-Porites-July-Bleaching-Experiment.md,20201110 DNA RNA Extractions Porites July Bleaching Experiment,Lab work,Porites July Bleaching,Porites astreoides,DNA/RNA extraction,,"DNA, RNA, Porites astreoides, Porites July Bleaching",Processing,dna-rna-coextraction-zymo
2020-11-12-20201111-DNA-RNA-Extractions-Porites-July-Bleaching-Experiment.md,20201111 DNA RNA Extractions Porites July Bleaching Experiment,Lab work,Porites July Bleaching,Porites astreoides,DNA/RNA extraction,,"DNA, RNA, Porites astreoides, Porites July Bleaching",Processing,dna-rna-coextraction-zymo
2020-11-18-20201117-DNA-RNA-Extractions-Porites-July-Bleaching-Experiment.md,20201117 DNA RNA Extractions Porites July Bleaching Experiment,Lab work,Porites July Bleaching,Porites astreoides,DNA/RNA extraction,,"DNA, RNA, Porites astreoides, Porites July Bleaching",Processing,dna-rna-coextraction-zymo
2020-11-23-20201119-DNA-RNA-Extractions-Porites-July-Bleaching-Experiment.md,20201119 DNA RNA Extractions Porites July Bleaching Experiment,Lab work,Porites July Bleaching,Porites astreoides,DNA/RNA extraction,,"DNA, RNA, Porites astreoides, Porites July Bleaching",Processing,dna-rna-coextraction-zymo
2020-11-23-20201120-DNA-RNA-Extractions-Porites-July-Bleaching-Experiment.md,20201120 DNA RNA Extractions Porites July Bleaching Experiment,Lab work,Porites July Bleaching,Porites astreoides,DNA/RNA extraction,,"DNA, RNA, Porites astreoides, Porites July Bleaching",Processing,dna-rna-coextraction-zymo
2020-11-25-20201125-DNA-RNA-Extractions-Porites-July-Bleaching-Experiment.md,20201125 DNA RNA Extractions Porites July Bleaching Experiment,Lab work,Porites July Bleaching,Porites astreoides,DNA/RNA extraction,,"DNA, RNA, Porites astreoides, Porites July Bleaching",Protcols,dna-rna-coextraction-zymo
2020-11-30-20201126-DNA-RNA-Extractions-Porites-July-Bleaching-Experiment.md,20201126 DNA RNA Extractions Porites July Bleaching Experiment,Lab work,Porites July Bleaching,Porites astreoides,DNA/RNA extraction,,"DNA, RNA, Porites astreoides, Porites July Bleaching",Processing,dna-rna-coextraction-zymo
2020-12-03-20201202-DNA-RNA-Extractions-Porites-July-Bleaching-Experiment.md,20201202 DNA RNA Extractions Porites July Bleaching Experiment,Lab work,Porites July Bleaching,Porites astreoides,DNA/RNA extraction,,"DNA, RNA, Porites astreoides, Porites July Bleaching",Processing,dna-rna-coextraction-zymo
2020-12-03-20201203-Tag-Seq-prep-for-Porites-July-Bleaching-Experiment.md,20201203 Tag-Seq prep for Porites July Bleaching Experiment,Lab work,Porites July Bleaching,Porites astreoides,Transcriptomics,,"RNA, Porites astreoides, Porites July Bleaching, Tag-seq","Processing, Protocols",
2020-12-21-20201221-BUSCO-on-P.-astreoides-transcriptome-assembly.md,20201221 BUSCO on P. astreoides transcriptome assembly,Analysis,Porites astreoides Genome,Porites astreoides,Transcriptomics; Genome annotation,BUSCO,"bioinformatics, BUSCO, porites astreoides",Analysis,
2021-01-04-20210104-BUSCO-on-P.-astreoides-transcriptome-assembly.md,20210104 BUSCO on P. astreoides transcriptome assembly,Analysis,Porites astreoides Genome,Porites astreoides,Transcriptomics; Genome annotation,BUSCO,"bioinformatics, BUSCO, porites astreoides",Analysis,
2021-01-21-20210121-Nanodrop-results-on-Tag-Seq-samples.md,20210121 Nanodrop results on Tag-Seq samples,Lab work,Porites July Bleaching,Porites astreoides; Geoduck,DNA/RNA extraction; Transcriptomics,,"Nanodrop, RNA, Tag-Seq, Porites astreoides, geoduck",Processing,
2021-02-08-DNA-Extractions-for-adult-homogenates-of-Porites-Thermal-Transplant-Batch-8.md,DNA Extractions for adult homogenates of Porites Thermal Transplant Batch 8,Lab work,Porites Thermal Transplant,Porites astreoides,DNA/RNA extraction; Tissue & cell prep,,"Porites astreoides, DNA, Thermal Transplant",Processing,
2021-02-18-Thermal-Transplant-ITS2-Test.md,Thermal Transplant ITS2 Test,Lab work,Porites Thermal Transplant,Porites astreoides; Symbiodiniaceae,ITS2,,"Thermal Transplant, Porites astreoides, ITS2","Protocols, Processing",its2-amplicon-pcr
2021-03-04-20210302-Thermal-Transplant-ITS2.md,20210302 Thermal Transplant ITS2,Lab work,Porites Thermal Transplant,Porites astreoides; Symbiodiniaceae,ITS2,,"Thermal Transplant, Porites astreoides, ITS2",Processing,its2-amplicon-pcr
2021-03-10-20210309-Thermal-Transplant-ITS2.md,20210309 Thermal Transplant ITS2,Lab work,Porites Thermal Transplant,Porites astreoides; Symbiodiniaceae,ITS2,,"ITS2, Thermal Transplant, Porites astreoides",Processing,its2-amplicon-pcr
2021-03-22-20210321-Symbiont-Integration-Metabolomics-Extractions-BATCH-1.md,20210321 Symbiont Integration Metabolomics Extractions BATCH 1,Lab work,Symbiont Integration,Montipora capitata,Metabolomics,,"Metabolomics, Symbiont Integration, Larvae, Juveniles",Processing,metabolite-extraction
2021-03-25-20210325-Symbiont-Integration-Metabolomics-Extractions-BATCH-2.md,20210325 Symbiont Integration Metabolomics Extractions BATCH 2,Lab work,Symbiont Integration,Montipora capitata,Metabolomics,,"Metabolomics, Symbiont Integration, Larvae, Juveniles",Processing,metabolite-extraction
2021-03-25-20210325-Thermal-Transplant-ITS2.md,20210325 Thermal Transplant ITS2,Lab work,Porites Thermal Transplant,Porites astreoides; Symbiodiniaceae,ITS2,,"ITS2, Thermal Transplant, Porites astreoides",Processing,its2-amplicon-pcr
2021-04-01-20210401-WGBS-PicoMethyl-seq-library-prep-for-Thermal-Transplant-Trial-1.md,20210401 WGBS PicoMethyl-seq library prep for Thermal Transplant Trial 1,Lab work,Porites Thermal Transplant,Porites astreoides,DNA methylation,,"Porites astreoides, WGBS, PicoMethyl-seq","Processing, Protocols",wgbs-library-prep-picomethyl
2021-04-15-20210415-WGBS-PicoMethyl-seq-library-prep-for-Thermal-Transplant-Trial-2.md,20210415 WGBS PicoMethyl-seq library prep for Thermal Transplant Trial 2,Lab work,Porites Thermal Transplant,Porites astreoides,DNA methylation,,"Porites astreoides, WGBS, PicoMethyl-seq","Processing, Protocols",wgbs-library-prep-picomethyl
2021-04-16-Symbiont-Integration-Metabolomics-Processing-(20210321---20210414).md,Symbiont Integration Metabolomics Processing (20210321 - 20210414),Lab work,Symbiont Integration,Montipora capitata,Metabolomics,,"Metabolomics, Symbiont Integration, Montipora capitata","Protocols, Processing",metabolite-extraction
2021-04-16-Thermal-Transplant-WGBS-PicoMethyl-Protocol.md,Thermal Transplant WGBS PicoMethyl Protocol,Lab work,Porites Thermal Transplant,Porites astreoides,DNA methylation,,"WGBS, PicoMethyl, Porites astreoides, Thermal transplant",Protocols,wgbs-library-prep-picomethyl
2021-04-23-20210422-WGBS-PicoMethyl-seq-library-prep-for-Thermal-Transplant-Trial-3.md,20210422 WGBS PicoMethyl-seq library prep for Thermal Transplant Trial 3,Lab work,Porites Thermal Transplant,Porites astreoides,DNA methylation,,"Porites astreoides, WGBS, PicoMethyl-seq",Processing,wgbs-library-prep-picomethyl
2021-04-27-20210426-WGBS-PicoMethyl-seq-library-prep-for-Thermal-Transplant-Trial-4.md,20210426 WGBS PicoMethyl-seq library prep for Thermal Transplant Trial 4,Lab work,Porites Thermal Transplant,Porites astreoides,DNA methylation,,"Porites astreoides, WGBS, PicoMethyl-seq",Processing,wgbs-library-prep-picomethyl
2021-04-29-20210428-WGBS-PicoMethyl-seq-library-prep-for-Thermal-Transplant-Trial-5.md,20210428 WGBS PicoMethyl-seq library prep for Thermal Transplant Trial 5,Lab work,Porites Thermal Transplant,Porites astreoides,DNA methylation,,"Porites astreoides, WGBS, PicoMethyl-seq",Processing,wgbs-library-prep-picomethyl
2021-05-04-20210504-WGBS-PicoMethyl-seq-library-prep-for-Thermal-Transplant-Trial-6.md,20210504 WGBS PicoMethyl-seq library prep for Thermal Transplant Trial 6,Lab work,Porites Thermal Transplant,Porites astreoides,DNA methylation,,"Porites astreoides, WGBS, PicoMethyl-seq",Processing,wgbs-library-prep-picomethyl
2021-05-06-20210506-WGBS-PicoMethyl-seq-library-prep-for-Thermal-Transplant-Trial-7.md,20210506 WGBS PicoMethyl-seq library prep for Thermal Transplant Trial 7,Lab work,Porites Thermal Transplant,Porites astreoides,DNA methylation,,"Porites astreoides, WGBS, PicoMethyl-seq",Processing,wgbs-library-prep-picomethyl
2021-05-10-20210510-WGBS-PicoMethyl-seq-library-re-amplification.md,20210510 WGBS PicoMethyl-seq library re-amplification,Lab work,Porites Thermal Transplant,Porites astreoides,DNA methylation,,"Porites astreoides, WGBS, PicoMethyl-seq","Processing, Protocols",wgbs-library-prep-picomethyl
2021-05-12-20210512-WGBS-PicoMethyl-seq-library-prep-for-Thermal-Transplant-Trial-8.md,20210512 WGBS PicoMethyl-seq library prep for Thermal Transplant Trial 8,Lab work,Porites Thermal Transplant,Porites astreoides,DNA methylation,,"Porites astreoides, WGBS, PicoMethyl-seq",Processing,wgbs-library-prep-picomethyl
2021-05-26-20210526-WGBS-PicoMethyl-seq-library-re-amplification-2.md,20210526 WGBS PicoMethyl-seq library re-amplification 2,Lab work,Porites Thermal Transplant,Porites astreoides,DNA methylation,,"Porites astreoides, WGBS, PicoMethyl-seq",Processing,wgbs-library-prep-picomethyl
2021-06-11-Airbrushing-Protocol-for-Porites-July-Bleaching-Project.md,Airbrushing Protocol for Porites July Bleaching Project,Lab work,Porites July Bleaching,Porites astreoides,Tissue & cell prep,,"Porites astreoides, Porites July Bleaching",Protocols,coral-tissue-removal-homogenization
2021-06-23-20210622-Lipid-Assay-Trial-#1.md,20210622 Lipid Assay Trial #1,Lab work,,Porites astreoides,Physiology assays,,"Lipid, Porites astreoides",Protocols,coral-tissue-removal-homogenization
2021-06-25-20210624-Lipid-Assay-Trial-#2-and-#3.md,20210624 Lipid Assay Trial #2 and #3,Lab work,,Porites astreoides,Physiology assays,,"Lipid, Porites astreoides",Protocols,coral-tissue-removal-homogenization
2021-06-30-20210629-Total-Protein-Testing.md,20210629 Total Protein Testing,Lab work,Porites July Bleaching,Porites astreoides,Physiology assays,,"Total Protein, Porites astreoides, Porites July Bleaching",Protocols,coral-tissue-removal-homogenization; total-protein-bca
2021-07-12-20210712-AH-Tag-seq-Plate-Prep.md,20210712 AH Tag-seq Plate Prep,Lab work,Symbiont Integration,Montipora capitata,Transcriptomics,,"Tagseq, Mcap2020",Processing,
2021-07-14-20210713-Carbohydrate-Assay-Test.md,20210713 Carbohydrate Assay Test,Lab work,,Porites astreoides; Montipora capitata; Pocillopora acuta,Physiology assays,,"Carbohydrate, Porites astreoides, Montipora capitata, Pocillopora acuta",Protocols,coral-tissue-removal-homogenization
2021-08-19-Past-genome-MAKER-rnd-1-troubleshooting.md,Past genome MAKER rnd 1 troubleshooting,Troubleshooting,Porites astreoides Genome,Porites astreoides,Genome annotation,MAKER,"genome, annotation, porites astreoides, MAKER","Analysis, Processing",
2021-08-26-20210826-Lipid-Extraction-Species-Test.md,20210826 Lipid Extraction Species Test,Lab work,,Porites astreoides; Montipora capitata; Pocillopora acuta; Astrangia poculata,Physiology assays,,"Lipid, Astrangia poculata, Porites astreoides, Montipora capitata, Pocillopora acuta",Protocols,
2021-09-30-BUSCO-on-Pastreoides-reference-transcriptomes.md,BUSCO on Pastreoides reference transcriptomes,Analysis,Porites astreoides Genome,Porites astreoides,Transcriptomics; Genome annotation,BUSCO,"Porites astreoides, transcriptome,BUSCO",Analysis,
2021-10-21-NF-CORE-Methylseq-Thermal-Transplant.md,NF-CORE Methylseq Thermal Transplant,Analysis,Porites Thermal Transplant,Porites astreoides,DNA methylation,nf-core/methylseq,"Porites astreoides, WGBS, methylseq, bioinformatics",Analysis,
2021-10-21-Training-AUGUSTUS-with-BUSCO.md,Training AUGUSTUS with BUSCO,Analysis,Porites astreoides Genome,Porites astreoides,Genome annotation,BUSCO; AUGUSTUS,"porites astreoides, genome, augustus, busco, bioinfiormatics",Analysis,
2021-10-22-HIAST2-alignment-with-Mansour-transcriptome.md,HIAST2 alignment with Mansour transcriptome,Analysis,Porites July Bleaching,Porites astreoides,Transcriptomics,,"Porites astreoides, tagseq, mansour",Analysis,
2021-11-04-20211104-ITS2-Test-set-for-KW-AH-ES-samples.md,20211104 ITS2 Test set for KW-AH-ES samples,Lab work,Porites July Bleaching,Porites astreoides; Symbiodiniaceae,ITS2,,"ITS2, Porites July Bleaching",Processing,its2-amplicon-pcr
2021-11-09-20211109-ITS2-KW-AH-ES-samples.md,ITS2 KW-AH-ES samples,Lab work,Porites July Bleaching,Porites astreoides; Montipora capitata; Symbiodiniaceae,ITS2,,"ITS2, Porites astreoides, Montipora capitata, Porites July Bleaching",Processing,its2-amplicon-pcr
2021-11-16-Methylseq-trimming-test-to-remove-m-bias.md,Methylseq trimming test to remove m-bias,Analysis,Porites Thermal Transplant,Porites astreoides,DNA methylation,nf-core/methylseq,"WGBS, Porites astreoides, Thermal transplant",Analysis,
2022-03-16-Touchdown-PCR-for-ITS2.md,Touchdown PCR for ITS2,Lab work,,Porites astreoides; Symbiodiniaceae,ITS2,,"ITS2, Porites astreoides",Protocols,its2-amplicon-pcr
2022-03-21-20220319-PJB-ITS2-re-seq.md,20220319 PJB ITS2 re-seq,Lab work,Porites July Bleaching,Porites astreoides; Symbiodiniaceae,ITS2,,"ITS2, PJB",Processing,its2-amplicon-pcr
2022-04-25-Porites-astreoides-genome-annotation.md,Porites astreoides genome annotation,Analysis,Porites astreoides Genome,Porites astreoides,Genome annotation,,"Porites astreoides, genome, bioinformatics",Analysis,
2022-04-27-Old-Tag-seq-analysis-for-PJB.md,Old Tag-seq analysis for PJB,Analysis,Porites July Bleaching,Porites astreoides,Transcriptomics,,TagSeq,Analysis,
2022-08-12-PJB-ITS2-Re-seq-Analysis.md,PJB ITS2 Re-seq Analysis,Analysis,Porites July Bleaching,Porites astreoides; Symbiodiniaceae,ITS2,,"ITS2, Porites astreoides, PJB",Analysis,
2022-10-18-Troubleshooting-WGBS-Scripts.md,Troubleshooting WGBS Scripts,Troubleshooting,Porites Thermal Transplant,Porites astreoides,DNA methylation,,"WGBS, Porites astreoides",Analysis,
2022-11-08-Coral-Nuclei-Isolation-Tests.md,Coral Nuclei Isolation Tests,Lab work,,,Tissue & cell prep,,"Coral, nuclei",Protocols,
2022-11-15-Galaxea-fascicularis-welcome-party-to-the-Cnimmunity-lab.md,Galaxea fascicularis welcome party to the Cnimmunity lab,Lab work,,Galaxea fascicularis,Tissue & cell prep,,Galaxea fascicularis,Protocols,
2022-11-21-Testing-BS-SNPer-on-WGBS-data.md,Testing BS-SNPer on WGBS data,Analysis,Porites Thermal Transplant,Porites astreoides,DNA methylation,BS-SNPer,"WGBS, BS-SNPer",Analysis,
"2022-11-29-Galaxea-Airbrush,-cell-count,-and-RNA-extraction-test.md","Galaxea Airbrush, cell count, and RNA extraction test",Lab work,Dark Genes,Galaxea fascicularis,DNA/RNA extraction; Tissue & cell prep,,Galaxea,Processing,coral-tissue-removal-homogenization; symbiont-density-hemocytometer
2023-01-23-Coral-processing-for-TEM-imaging.md,Coral processing for TEM imaging,Lab work,,,Imaging,,"Coral, TEM",Protocols,symbiont-density-hemocytometer; coral-fixation-tem
2023-03-15-EpiDiverse-SNP-Analysis.md,EpiDiverse SNP Analysis,Analysis,Porites Thermal Transplant,Porites astreoides,DNA methylation,EpiDiverse,WGBS,Analysis,
2023-03-21-Galaxea-Thermal-Stress-Trials.md,Galaxea Bleaching Trials,Lab work,Dark Genes,Galaxea fascicularis,,,"Dark Genes, Galaxea",Processing,
2023-03-23-KofamScan-Workflow.md,KofamScan Workflow,Analysis,,,Functional annotation,KofamScan,"KofamScan, bioinformatics",Analysis,
2023-08-04-BisSNP-Analysis.md,BisSNP Analysis,Analysis,Porites Thermal Transplant,Porites astreoides,DNA methylation,BisSNP,"DNA methylation, porites astreoides",Analysis,
2023-08-07-KOFamScan-for-P.-astreoides.md,KOFamScan for P. astreoides,Analysis,Porites astreoides Genome,Porites astreoides,Functional annotation,KofamScan,"KOFamScan, Porites astreoides",Analysis,
2023-08-21-Epidiverse-WBGS-testing.md,Epidiverse WBGS testing,Analysis,Porites Thermal Transplant,Porites astreoides,DNA methylation,EpiDiverse,"WGBS, Porites astreoides",Analysis,
2023-09-05-Gfas-Dark-Genes-Single-cell-preliminary-analysis.md,Gfas Dark Genes Single cell preliminary analysis,Analysis,Dark Genes,Galaxea fascicularis,scRNA-seq,Cell Ranger,,Analysis,
2023-09-11-KoFamScan-on-Galaxea-fasicularis.md,Genome Annotation on Galaxea fasicularis,Analysis,Dark Genes,Galaxea fascicularis,Genome annotation; Functional annotation,KofamScan,"KoFamScan, Galaxea","Processing, Analysis",
2023-10-24-Direct-RNA-sequencing-on-Oxford-Nanopore-MinION-Protocol.md,Direct RNA sequencing on Oxford Nanopore MinION Protocol,Lab work,,,Nanopore,,"MinION, RNA",Protocol,nanopore-direct-rna-minion
2023-12-05-Troubleshooting-OrthoFinder.md,Troubleshooting OrthoFinder,Troubleshooting,Dark Genes,,Comparative genomics,OrthoFinder,Bioinformatics,Analysis,
2024-01-22-20240122-Gfas-single-cell-fresh-vs-frozen-analysis.md,20240122 Gfas single cell fresh vs frozen analysis,Analysis,Dark Genes,Galaxea fascicularis,scRNA-seq,,single cell,Analysis,
2024-01-31-Gfas_Dtrenchii _CellRanger_Analysis.md,Gfas_Syms_CellRanger_Analysis,Analysis,Dark Genes,Galaxea fascicularis; Symbiodiniaceae,scRNA-seq,Cell Ranger,Cnidarin immunity lab,Analysis,
2024-03-27-16S-Central-Document.md,16S Central Document,Central doc,,,16S,,Central Document,Protocols,
2024-03-27-DNA-Methylation-Central-Document.md,DNA Methylation Central Document,Central doc,,,DNA methylation,,Central Document,Protocols,
2024-03-27-Genome-Annotation-Central-Document.md,Genome Annotation Central Document,Central doc,,,Genome annotation,,Central Document,Protocols,
2024-03-27-ITS2-Central-Document.md,ITS2 Central Document,Central doc,,Symbiodiniaceae,ITS2,,Central Document,Protocols,
2024-03-27-Metabolomics-Central-Document.md,Metabolomics Central Document,Central doc,,,Metabolomics,,Central Document,Protocol,
2024-03-27-Single-cell-RNAseq-Central-Document.md,Single-cell RNAseq Central Document,Central doc,,,scRNA-seq,,CentralDoc,Protocols,
2024-03-27-Testing-CellRanger-mitochondrial-genome-integration-approached-for-scRNAseq-data.md,Testing CellRanger mitochondrial genome integration approaches for scRNAseq data,Analysis,,,scRNA-seq,Cell Ranger,"CellRanger, scRNAseq",Analysis,
2024-03-27-Transcriptomics-Central-Document.md,Transcriptomics Central Document,Central doc,,,Transcriptomics,,Central Document,Protocls,
2024-04-24-CellRanger-on-Ehrens-scRNAseq-data.md,CellRanger on Ehrens scRNAseq data,Analysis,Cnidarian Stem Cells,Acropora cervicornis; Pocillopora damicornis,scRNA-seq,Cell Ranger,scRNAseq,Analysis,
2024-07-24-CellRanger-on-KHW-NAR-scRNAseq-data-from-20240724.md,CellRanger on KHW NAR scRNAseq data from 20240724,Analysis,Dark Genes,Galaxea fascicularis,scRNA-seq,Cell Ranger,scRNAseq,Analysis,
2024-07-24-scRNAseq-Velocity-analysis.md,scRNAseq Velocity analysis,Analysis,,,scRNA-seq,velocyto; scVelo,scRNAseq,Analysis,
2024-09-10-Geneextend-on-scRNAseq-data.md,Geneextend on scRNAseq data,Analysis,,,scRNA-seq,GeneExt,scRNAseq,Analysis,
2024-10-04-Re-running-Cell-ranger-on-round-2-Mnemi-scRNAseq-data.md,Re-running Cell ranger on round 2 Mnemi scRNAseq data,Analysis,Mnemiopsis Phagocytes,Mnemiopsis leidyi,scRNA-seq,Cell Ranger,"mnemi, scRNAseq",Analysis,
2024-10-30-Pegasus-conda-environments.md,Pegasus conda environments,Analysis,,,HPC & computing,conda,"Pegasus, HPC, UM",Analysis,
2024-11-27-Orthofinder-between-coral-species-for-cell-type-annotation.md,Orthofinder between coral species for cell type annotation,Analysis,Dark Genes,,scRNA-seq; Comparative genomics,OrthoFinder,"scRNAseq, orthofinder",Analysis,
2025-03-04_Troubleshooting_velocyto_GTF_errors_for_Mnemi.md,Troubleshooting velocyto GTF errors for Mnemi,Troubleshooting,Mnemiopsis Phagocytes,Mnemiopsis leidyi,scRNA-seq,velocyto,"scRNAseq, orthofinder",Analysis,
2025-04-07-Gfas-Symbiont-Mapping-Test.md,Gfas Symbiont Mapping Test,Analysis,Dark Genes,Galaxea fascicularis; Symbiodiniaceae,scRNA-seq,,"scRNAseq, gfas",Analysis,
2025-04-1_BUSCO on_Carnegie_Gfas_genome.md,BUSCO on Carnegie Gfas genome,Analysis,Dark Genes,Galaxea fascicularis,Genome annotation,BUSCO,genome,Analysis,
2026-01-15-Obtaining-sequences-for-HCR-in-Nvec.md,Obtaining sequences for HCR in Nvec,Analysis,Cnidarian Stem Cells,Nematostella vectensis,scRNA-seq; Imaging,,"HCRs, scRNAseq, nematostella","Analysis, Processing",
